,sensitivity,spesifity,precision,accuracy,f1,samples
liver,0.7368421052631579,0.9433656957928802,0.7619047619047619,0.9025974025974026,0.7491638795986622,152.0
liver_high,0.8145161290322581,0.9597523219814241,0.7952755905511811,0.9363636363636364,0.8047808764940239,124.0
liver_low,0.7947368421052632,0.8482758620689655,0.6317991631799164,0.8350649350649351,0.703962703962704,190.0
no_liver,0.7796052631578947,0.9570815450643777,0.9221789883268483,0.887012987012987,0.8449197860962567,304.0
