losses_train,losses_val,acces_train,acces_val
1.0,1.0,0.0,0.0
0.1801925715494109,0.3123984846798075,0.9269412815824468,0.8776340139850584
0.1265359215225255,0.3617959294123287,0.9510032621343084,0.8735525236880467
0.0639605925449226,0.43524344949436045,0.9776393308320669,0.8615922718187875
