,sensitivity,spesifity,precision,accuracy,f1,samples
disease_liver,0.03111111111111111,0.9757025761124122,0.3712121212121212,0.6776197154878781,0.05741066198008202,1575.0
liver,0.8744804655029094,0.3616684266103485,0.3031700288184438,0.485273492286115,0.45024609458591913,1203.0
no_liver,0.4717577948486218,0.8758099352051836,0.7516198704103672,0.696653977158886,0.5796779566907274,2213.0
