,sensitivity,spesifity,precision,accuracy,f1,samples
disease_liver,0.1853968253968254,0.930327868852459,0.5509433962264151,0.6952514526147064,0.2774346793349169,1575.0
liver,0.71571072319202,0.4477296726504752,0.29156789705384356,0.512322179923863,0.4143407122232916,1203.0
no_liver,0.5779484862178039,0.9175665946724262,0.8481432360742706,0.7669805650170306,0.6874496103198066,2213.0
