,sensitivity,spesifity,precision,accuracy,f1,samples
disease_liver,0.20257510729613734,0.9300189993666877,0.5164113785557987,0.7339810316909554,0.2909987669543773,1165.0
liver,0.7038499506416585,0.4561933534743202,0.28372463191404695,0.5142262317834837,0.40442427680090753,1013.0
no_liver,0.5645687645687646,0.9348025711662076,0.8950480413895048,0.7510987739995374,0.6923956546598056,2145.0
