,sensitivity,spesifity,precision,accuracy,f1,samples
disease_liver,0.06866952789699571,0.9262191260291324,0.25559105431309903,0.695119130233634,0.10825439783491204,1165.0
liver,0.2714708785784798,0.7601208459214501,0.25724976613657624,0.645616470043951,0.2641690682036503,1013.0
no_liver,0.7473193473193473,0.3856749311294766,0.5450527031621897,0.565116817025214,0.630357845064884,2145.0
