,sensitivity,spesifity,precision,accuracy,f1,samples
disease_liver,0.06285714285714286,0.9271077283372365,0.28448275862068967,0.6543778801843319,0.1029641185647426,1575.0
liver,0.3092269326683292,0.7481520591341078,0.28054298642533937,0.6423562412342216,0.2941874258600237,1203.0
no_liver,0.755083596927248,0.40748740100791936,0.5037684654808562,0.5616108996193148,0.6043399638336348,2213.0
