losses_train,losses_val,acces_train,acces_val
1.0,1.0,0.0,0.0
1.3928099927301028,1.2928941543355132,0.3376511753326047,0.4015150648174864
