,sensitivity,spesifity,precision,accuracy,f1,samples
disease_liver,0.5714285714285714,0.781021897810219,0.21052631578947367,0.7615894039735099,0.3076923076923077,14.0
disease_liver_high,0.42857142857142855,0.9051094890510949,0.3157894736842105,0.8609271523178808,0.36363636363636365,14.0
disease_liver_low,0.15625,0.8823529411764706,0.2631578947368421,0.7284768211920529,0.19607843137254902,32.0
liver,0.0,1.0,,0.8675496688741722,0.0,20.0
liver_high,0.5625,0.8962962962962963,0.391304347826087,0.8609271523178808,0.46153846153846156,16.0
liver_low,0.038461538461538464,0.976,0.25,0.8145695364238411,0.06666666666666667,26.0
no_liver,0.7586206896551724,0.7868852459016393,0.4583333333333333,0.7814569536423841,0.5714285714285714,29.0
