,sensitivity,spesifity,precision,accuracy,f1,samples
disease_liver,0.6428571428571429,0.708029197080292,0.1836734693877551,0.7019867549668874,0.2857142857142857,14.0
disease_liver_high,0.9285714285714286,0.8832116788321168,0.4482758620689655,0.8874172185430463,0.6046511627906976,14.0
disease_liver_low,0.125,0.8991596638655462,0.25,0.7350993377483444,0.16666666666666666,32.0
liver,0.25,0.9847328244274809,0.7142857142857143,0.8874172185430463,0.37037037037037035,20.0
liver_high,0.0,0.9925925925925926,0.0,0.8874172185430463,0.0,16.0
liver_low,0.07692307692307693,1.0,1.0,0.8410596026490066,0.14285714285714285,26.0
no_liver,0.5172413793103449,0.7377049180327869,0.3191489361702128,0.695364238410596,0.39473684210526316,29.0
