,sensitivity,spesifity,precision,accuracy,f1,samples
disease_liver,0.5492063492063493,0.6782786885245902,0.4404276985743381,0.6375475856541776,0.48883865498728457,1575.0
liver,0.3765586034912718,0.58870116156283,0.22526106414719047,0.5375676217190943,0.28189172370877413,1203.0
no_liver,0.35291459557162225,0.9154067674586033,0.7687007874015748,0.6659987978361049,0.4837410963146485,2213.0
