,sensitivity,spesifity,precision,accuracy,f1,samples
disease_liver,0.8526984126984127,0.3372365339578454,0.3723315774882174,0.49989981967541575,0.5183326900810498,1575.0
liver,0.12635078969243557,0.9052270327349525,0.2974559686888454,0.7174914846724103,0.17736289381563594,1203.0
no_liver,0.3470402169001356,0.9622030237580994,0.8797250859106529,0.6894409937888198,0.49773169151004537,2213.0
